fichier,sha256,octets,lot,origine
0034a902133f5f57d594.obj,86e024934016ca395ec9db640eeb56d5a4a1c94ff71b81ac1001914f98ec7c38,1679154,featured-maps,https://gist.githubusercontent.com/nashjaee/8353f629e1d7e1d213fbe564be21de8e/raw/b20462e946ced3eee4f8260d3b28565e397d800b/gistfile1.txt
0838aa4b46f18f53052c.jpg,f1fa6aeccd020f07a2ba223fd8afb92cc4b56e9526bafe271f853a7665a3eed0,115891,featured-maps,https://i.imgur.com/xJTsMo6.jpghttps://i.imgur.com/xJTsMo6.jpg
0e87f1e304d4059f862e.obj,701d088275521b8d7fe0e0ed8e13c7cbcb7a2b4b0fd0bec66ba505f59227ac94,4712,featured-maps,https://paste.ee/r/JavTd
1501e8c83827a64eb096.obj,cbf9365ee1cd04d48c6421905596e448b62c93b134da2f44d469e7d229bdc6f7,355209,featured-maps,https://gist.githubusercontent.com/nashjaee/3bf24876e6e170127cce6049880595bd/raw/7aa374631f2d94ecee9421d919a43391de68a0b4/tat_shop_full.txt
1d8ba5e38e30b50b43cc.jpg,8dbb37f166b9473a8cbb0bf52b189501f599ac8f2a9da0c840a132a32a520306,743554,featured-maps,https://i.imgur.com/0gTJWaK.jpg
1dbb93d8056257279852.jpg,f88a8961ddc35e3f3cb96ee85b56f27b63e16f8306861c467da4ad9318a06829,55324,featured-maps,https://i.imgur.com/M7wiIIi.jpg
1f4c229eed10d4d5411e.obj,3c756dd811f682ac7d7648a3f248bc9158ee182e2bdc28ec7fbbff07eca42808,1238,featured-maps,https://gist.githubusercontent.com/anonymous/21580f275647bee8b795e4f3bfc67bef/raw/ed056d56c03562c9779f838598cf2db9fa5abcee/gistfile1.txt
1f550534a37b445056a6.obj,de891a87ee2274d3e91f88a0f40f64235e2e715287694903ecc0d3dbe552159c,977,featured-maps,https://gist.githubusercontent.com/anonymous/2c89c53f43dca7ad8d67f3ee45049f0a/raw/2814f977fbd2fc74eae8c75298ee88addd5adc7f/gistfile1.txt
24eaad127a589e4436d8.obj,90420fe46e4f401247cb7bfe01dfe516d8d06d4e8c1eaef35baaca496e822a32,1749,featured-maps,https://gist.githubusercontent.com/nashjaee/b93cdf53600ef76b4b425fc4f4b92103/raw/528b054fc44fd3573b055b74600e71c338cb0d25/short_90_corner.txt
268c4fa83f51fd727b8f.obj,c58efcafb5f96e41f43edd58de7d15827afc938a22e23ec293479d8e44f752d9,3350,featured-maps,https://gist.githubusercontent.com/nashjaee/3375e9ebe255d751196483c59c545591/raw/fe2fa562af6874076a3dc4e0f74dc7c68eeafa63/rock_formation_collider.txt
2c247daa66d2c5315b89.obj,c9b5cb0c912b8c1594e9a40ca417d3185880d5e5db7df99273e2395aa7999132,347697,featured-maps,https://gist.githubusercontent.com/nashjaee/4c26247df7714072af9707c52c32a095/raw/3cf1204ec97d97f21b27de644f73e2ae6af29f9a/tat_medium_3.txt
2c3ae8aee7ab0d06142f.obj,aec04d29b13f8660f4d48085dd0d5aaf2d5d3c734c8108aaf9572ac7c0a41925,194110,featured-maps,https://gist.githubusercontent.com/nashjaee/ca9fd90e500b9407bd90c69484b2573b/raw/2d401c49841c1b3f32e776fb32f594a09d0f5b91/tat_small_house_2.txt
32e2556293ac3d850008.obj,65a50a7e4e47e753356799a0311a31b7cfc94a5f95973b8cdfcf1a37f72c177f,982,featured-maps,https://gist.githubusercontent.com/anonymous/90c71337b0c80ad2db5fa29bb4818a01/raw/76fbc223e3663c9c572d971bfc899ddfc4c704b7/gistfile1.txt
397917691ba45bb7f1a8.jpg,3cbe6481ff72a28e9505da61f04d0d15c86090144962f5ca8c51a46fca8f5222,35383,featured-maps,http://web.archive.org/web/20230807160829im_/https://wildtextures.com/wp-content/uploads/wildtextures-tiles-stone-marble-480x279.jpg
3b4256e87e064eca2c3f.obj,c96275862b4dc738f05d0ef532d621f4af5761efa8670a58b8468405c11c5641,382356,featured-maps,https://gist.githubusercontent.com/nashjaee/0ae48450370150c2c00027895b8e82ba/raw/a1a792c26c857ffd87aba6787c33a932fed0946c/rock_formation_2_model.txt
4798c2a373b74ef9658f.jpg,3cf126c214ec17ca0184e9987f753f8e85ae08d19c720c4378cb9766df1feecd,193161,featured-maps,https://www.dropbox.com/s/6dv3zim10qstual/medium_3.jpg?raw=1
4a042086373b17156b63.jpg,5083a0a7a9bed6c36ba4d4bf632e38e0203040c4bad53afe2271523c591ccbec,211741,featured-maps,https://www.dropbox.com/s/mkgnnbg2ws09exc/shop_full.jpg?raw=1
50d82c6c0a22114b2054.obj,725276ed8c3e1b8b8f3f2b380bac86ca4ca332f7bfa913ebb2e3d888c1ace2a1,251589,featured-maps,https://gist.githubusercontent.com/anonymous/25165671cdebaa76438811abedfd9a6b/raw/17b0dd36856080bb407f53c7e4cf05ff196434a1/gistfile1.txt
55cc846737b52de8404c.bin,f891a99441841a1e8632f22f86112ccb4f35ad4b037b724b9115137cb6d0898e,2211128,featured-maps,https://www.dropbox.com/s/4lkjcjnxa21z407/gun.obj?dl=1
576783db1c59922d8b22.jpg,f8cc3edfc9ac963d956442f6d5cc62c78c75d26180c36bf6de8306ef86eb0ec1,75925,featured-maps,http://texturelib.com/Textures/brick/pavement/brick_pavement_0100_02_preview.jpg
5a40760081d3e3bfc205.jpg,813d91ecec02184a574ac543e68d37283b819a84f03459c9c323f7b8ebcdb4a1,439428,featured-maps,https://i.imgur.com/yKymdqE.jpghttps://i.imgur.com/yKymdqE.jpg
5bd9ceba2cd576cd70c9.bin,0aaa7870d83506e6c7c8eede3f1c50e1354513bca01d2a75929cb3578297c0cf,222535,featured-maps,https://www.dropbox.com/s/3knbhrp9h49h5df/speeder%20roadster.obj?dl=1
5f3486e8c1fa6cc99351.obj,db40db831a201a61195fbf4b950e71728e8402cfeeb0d5591fe166f1bddd5e96,419157,featured-maps,https://gist.githubusercontent.com/nashjaee/ed99cb7b59e12459e160131fee87940b/raw/328aae577da949dfd45dd7a13fcbabd88e663954/tat_outpost_full.txt
5fa9f342f8c0e7a9863d.jpg,dc8f2377fd6545cf0301f0503fd2a596a94e6df54a37bbfb0a745929a233b3c6,232586,featured-maps,https://www.dropbox.com/s/qsq43ti5qlhq7dx/medium_house_2.jpg?raw=1
6c35562d0e038872a6c4.obj,57db8b243c611fab287a709db1bf16bf07b4bb9712f0e73b666dff6c8c1eafd8,12583,featured-maps,https://gist.githubusercontent.com/nashjaee/31a2f65534f55c298b97768d85c6d7ed/raw/039d1f64c1764ecf6ce52b7dbb967e299884e597/short_tight_90.txt
6e0d8984ce8d11145821.obj,152232b9edad37ba9f5ac0b34268746528274c9e7c605eec9b1b967d9ed25950,22468,featured-maps,https://gist.githubusercontent.com/nashjaee/1dd4657643079c5fe4410c169c452c45/raw/133d719e27011b958e5873f466cdae4ce62e44b2/short_long_curve.txt
700c83442cf4dcb2163e.obj,7eae59efda0a33c3cfa58bc557a9270129ce0ee31564da7da362c21c080e3f1c,422554,featured-maps,https://gist.githubusercontent.com/nashjaee/39efab0cd1f7f06bebe96234166a7e5f/raw/bf1cb1943f287af6cc925fe89f676022393b1ca6/trench_holdout_model.txt
73f05486a1b772ab6b99.png,f5f1f1c99d32efa29bb38bbb49ce095b5a4439071ec98020ec1c1582ec583693,4256496,featured-maps,https://i.imgur.com/XtMvQGI.png
751f8037054118ab2af5.jpg,b04a38fb994de53c950d979642eae026d9b026779598fa7a6848e33a264b0b7d,959019,featured-maps,https://i.imgur.com/GViH5JN.jpg
762ca9a92c0f28849df1.obj,c4d212303867f57cbfb2406116ca6e56864ce5db9039570f013e702d229c1013,74091,featured-maps,https://gist.githubusercontent.com/nashjaee/4cd8db9491c9f804b679a0c07d995a47/raw/d6e211548521cd3c386e2d29e11a8e13945c4115/sand_mound_model.txt
798a5a7d14437698fd3d.bin,e889d8395e2c21898f5ec4541fcde80ba6deebc9871694ac842190d7213f6da0,244712,featured-maps,https://www.dropbox.com/s/id436qh9za4v75h/Landspeeder%20texture.jpg?dl=1
7c0920e705698a03804e.obj,4ae001b7df527ab53a5d2fc58821b2ecd914e5f7f62339e3099f6bf2ad16d7b1,216415,featured-maps,https://gist.githubusercontent.com/nashjaee/e42f6c8204c6f15a4287cc37667f580b/raw/4ad498090fa0d76e124b102fed2a3e77bca38653/tall_long_curve.txt
7d5659552c084348cd1b.obj,2f252cec49ae4335bb6daa00f79965cf1e36aa8333e7e454723b4a3adf639402,327315,featured-maps,https://gist.githubusercontent.com/nashjaee/4ffd951d975d58e376008d40acf0e6be/raw/f50c06ac2c28caa07251b0f96a6a56fc5dfbf727/laat_model.txt
7eb212dfa3d9a5ad0d73.obj,a251e1f669d4f51bdc8df8fb9bc1e58ab737ea00051e7f492b371b54760f50d6,185290,featured-maps,https://gist.githubusercontent.com/nashjaee/8c5ce4aca7e9cba562148ec0a2c438e5/raw/4ca2b165bab93fd9bc9537042941d85d1e6fe1b6/rock_formation_model.txt
80e6ab9b6871aabbea63.jpg,95d99fc49abf9cbfa3e10a65598980985a9a9362528833710ac5096410095d5a,138136,featured-maps,https://i.imgur.com/szfypFE.jpghttps://i.imgur.com/szfypFE.jpg
868cc2a27f8b8d15eeb0.obj,880587d85389d3df4f8e4b3e1475bf01b33226badb17e7d2e809a124267eaa1f,18239,featured-maps,https://gist.githubusercontent.com/nashjaee/669805574c4b9f7b04e785509a928033/raw/0c48b07b3101513396567a27960f733c20ab61ac/double_arch.txt
86dab0221e7c4b6b4de9.obj,76037ca3dea186f5e39ee9b4f8f973ac3dd3426ae42ddfeecbddf5e6dc677579,8136,featured-maps,https://gist.githubusercontent.com/nashjaee/1e074019b743cc3c4e56dc0dca696629/raw/156f662d4ae92509be2950d36d2ed9babd626dd8/wide_arch.txt
8efba609d07d40d69db1.obj,ebadf3c6fd6c18914e9391fca434067e2bf0102da1c8764c9d7573e25346e92b,398128,featured-maps,https://gist.githubusercontent.com/nashjaee/849ec6905a7613c0e656db6e364f8148/raw/48a785f51bbc29ee603725bff2c9ca240f64728e/barricade_model.txt
8f1d88395678296bce91.jpg,0f9e744ed95755bacf8b16bdfb7a37732cea91ee7d781f85cd764fb5b58f7539,238449,featured-maps,https://www.dropbox.com/s/pxxf15m633krun2/tower_v2.jpg?raw=1
8f50d047ee9fd92195f3.bin,14bd8b6658e9c65d97f3d06693577e5ca91377981e69cdcebbc8fbc0c25c138b,458202,featured-maps,https://www.dropbox.com/s/d61jptcthjui75q/B69_Rubble3_JVG.png?dl=1
9b5d02602c38a5ec45a9.obj,16a946674b2a0c579e5feb7c4d7823be3058e6b80f653d09d4969968d747d15a,3387,featured-maps,https://gist.githubusercontent.com/nashjaee/8a3c5c11d816ad853a5485e63dffff48/raw/09c0ea0fdb74453156070ab594aa2f9b26af3cef/sand_mound_collider.txt
a01bf806466dbd0d982e.obj,2b6be35929efff4b968708ce7b6d4116c8efdf35c422cb7931db4096197029ae,147703,featured-maps,https://gist.githubusercontent.com/nashjaee/5bc7ec9cde6042692360b7eccaccaddb/raw/06085b5165429a6fc20baa3044ac8d58e29a8f74/laat_collider.txt
a7c0577699378fcfa1f5.jpg,2841f0c1b58ed713bcc43d00f06192bdebe780e193b59321963b709c140efd4f,200427,featured-maps,https://www.dropbox.com/s/rlxu8ft2dq16dnl/medium_lodge.jpg?raw=1
a9029d507c965fdea1d1.jpg,b35af1253698c67f135eaea5d186f873af6fc5a6e3c2dbfb0cfbeaca2634e7c3,144101,featured-maps,https://i.imgur.com/PF3rjzI.jpghttps://i.imgur.com/PF3rjzI.jpg
aa5_scan_metal_v1.unity3d,7ea6d5f97087a9fabc3998777d524bd2f77f7c1868b0078ee3c7afe5ecfef609,1890384,isq-metal-rebuilds,iron-squadron
aa5_scan_shadow_metal_v1.unity3d,28b01f61586ff9afb23e19be6b25c681221a4507fd64438f32e66edfccf61885,1890222,isq-metal-rebuilds,iron-squadron
aa6a85f5695cbeee469f.obj,e29ece1892b788f48a8741c8139b4856879c6b1dc04ea154c83834e0e1762cd4,275732,featured-maps,https://gist.githubusercontent.com/nashjaee/1724038bcd1af36165d9c2b831aa1986/raw/a75963b487ef88b438f688b68bef314545da2fe8/tat_small_lodge.txt
ahsoka_metal_v1.unity3d,e05915369d34674ba2fe3dd58e5aa2651397fee816432dfcac07e7b8751d3386,576987,isq-metal-rebuilds,iron-squadron
aim_v2.jpg,023ca1f767e9906f762477b44b45edfb209168ea977bbf0d36bc0f0f951c8184,306637,isq-token-assets,iron-squadron
aim_v2.obj,63766607b78fcac86f0b2acece4bf2c3bbdd191e4e1f0c5a4b3494a6859df4ff,1355,isq-token-assets,iron-squadron
arc_2_metal_v1.unity3d,20dd103a9083ad4593bc2d27d10ffc54c71dfc90aea46a2daee1498e63c67b7e,478118,isq-metal-rebuilds,iron-squadron
arc_3_metal_v1.unity3d,68abf08cfd67d3277b457dd015c8f7c92ff716c3cf9d22cb7334771ded9392c5,474604,isq-metal-rebuilds,iron-squadron
arc_dc15x_metal_v1.unity3d,817ca3921ae9b55bd4b2b79d66008e37e4512501eabce2ca16fdd51ce9fb1252,475928,isq-metal-rebuilds,iron-squadron
assajventress_metal_v1.unity3d,a5607479ebcf8e8913aa5bf039fcc239eb481e2d89a71b1fd2d8e7287cedeadc,449098,isq-metal-rebuilds,iron-squadron
atrt_gar_metal_v1.unity3d,58c0274d2fdbd79ef3877352fc01e52387b0eac669469407bdf9d79b3161e77b,562781,isq-metal-rebuilds,iron-squadron
b028d3e6aa20b1507ab5.obj,c955f7230f2667fcdc6d0253462a811c99106f4ec5d4f19abaf6fae8d05f12fb,6848,featured-maps,https://gist.githubusercontent.com/nashjaee/b9048effba06e7d8baaaacb0594c885b/raw/b71c618b6498c858ae3c55da102c1eaee6c3709e/rock_formation_2_collider.txt
b4060a6535d59b65f4a0.jpg,13b0adf0a1cf070d4c9d7605696792db71d7a1e3cc86412933e88039197fa22b,380501,featured-maps,http://i.imgur.com/WdMBT2e.jpg
b5267a49ccd8774a21d1.jpg,99e096da0f986f929fd2f2da4417f5ee2c57fb0a1c6018165f4633edd7da6077,775887,featured-maps,https://i.imgur.com/XuuDLys.jpg
b614cbc1f38917aafc92.obj,5ca9453db6c2d1c875df801084c5a8a5b73b64b7a45937c141fe84eb8949cc5e,689377,featured-maps,https://gist.githubusercontent.com/nashjaee/c16261972363a0bcb9f59a763fc0f771/raw/0cf50b5b1c66b4d4969bc7b37f4f92bfc6074059/tat_medium_house_2.txt
b795942d99cb522ee6dd.obj,763ee9acb06b407db3f2db101a4682baf399e1ce9b46d8336013a1fc15ff7add,297002,featured-maps,https://gist.githubusercontent.com/nashjaee/a3fea17003835d745cefe356b141250b/raw/54bb87ed3ae3ee7ec3e8080150efd077b75d998b/tat_tower_v2.txt
b8e92c04d455714c0ec1.jpg,ce805b578ed20a9aaae4daf8cf90fb3ab7a96e7aa96b681f374024d21b447f43,224851,featured-maps,https://www.dropbox.com/s/t05k9nedv8uim24/small_house_2.jpg?raw=1
black_sun_enforcers_mat_metal_v1.unity3d,38d9b63be2e706b9f2625430cb988a307a3f77385f48700ef7499d0ea5c60014,437179,isq-metal-rebuilds,iron-squadron
black_sun_vigo_model_metal_v1.unity3d,10469127760a11a435a03e62291d90db3552e89bc54bf5cae512784676fb495c,422441,isq-metal-rebuilds,iron-squadron
boba_fett_the_old_and_wise_model_1_metal_v1.unity3d,c34405a584114905a6a0caa98757f1a6b57519a68e5f93ad5944106b8c47ce3f,576268,isq-metal-rebuilds,iron-squadron
boil_metal_v1.unity3d,64f80ef6c46a8199e7f60a6b4c322434d0bbab09f0c1fefea589fbd233f8fd0c,648642,isq-metal-rebuilds,iron-squadron
bugpike_metal_v1.unity3d,1003c24aa7dcc6cd027f0b5e9329878ba5725bd72c6738c9639e9c28c45c0e1b,968526,isq-metal-rebuilds,iron-squadron
bugshared_metal_v1.unity3d,c3d3dc87655dcc46a5ca995f59fd23119e313b85486c4ec48c313a1065ff2da4,1039431,isq-metal-rebuilds,iron-squadron
bugsonic_metal_v1.unity3d,3c9e3a5872c361971aae702fc24b49571d8bc017510ccc59ead10aab4253ce67,1118404,isq-metal-rebuilds,iron-squadron
c2584766e7ec93897965.jpg,b35af1253698c67f135eaea5d186f873af6fc5a6e3c2dbfb0cfbeaca2634e7c3,144101,featured-maps,https://i.imgur.com/PF3rjzI.jpg
cb0a3effd92131013920.obj,bd8b7a34404b96c27bd0a21c72ab4f30e668921386018ea3d1f32ce275747163,9356,featured-maps,https://gist.githubusercontent.com/nashjaee/4244c1f23225cd174f87dc6c43c9e60f/raw/50a19f25736e7be3838bec97fe82cdb6561196da/single_arch.txt
clanwrenchump_metal_v1.unity3d,1987487f970e5601387dd5a4f166e5285a452fe189bfbfb59ca0cdaaf8b04daa,1074886,isq-metal-rebuilds,iron-squadron
clonecommander_metal_v1.unity3d,44b1799d51a2723dc3c838a5508181e5edddd9ba5313bc907c8aebcff8fa46e1,526007,isq-metal-rebuilds,iron-squadron
cloneengineer_metal_v1.unity3d,a281998d45320bac6190df33edf568b1ef11d3d5e582783fa6ee2e71ad50e3bd,488697,isq-metal-rebuilds,iron-squadron
clonemedic_metal_v1.unity3d,062f7ae8dfc608f9a216181e384a38fd9773c2a17c69f3edea130418ae38612d,867624,isq-metal-rebuilds,iron-squadron
clonetechnician_metal_v1.unity3d,15044bb6351b97ff994028b53dfe524068c0a835dc58ca7041ce865eb44a671a,536708,isq-metal-rebuilds,iron-squadron
cody_metal_v1.unity3d,0c55efd34537be452df52f7d9b9fb9b51eec0034f8407c229802cf8343308618,730966,isq-metal-rebuilds,iron-squadron
crosshair_model_metal_v1.unity3d,c510f5e73264f9dd24e2e1e7c91b214c68d7df59d9e782a652b976545b0502d1,545112,isq-metal-rebuilds,iron-squadron
damaged_v2.jpg,545917583c7b6f4c89bbe844a5fc843d92e78c5e5c089ec445084a046fc371c9,180341,isq-token-assets,iron-squadron
darktrooper_leader_metal_v1.unity3d,648bfdc98301251e36d89e559d7398b2fd6f10450c06815099a7159adaaaf298,276633,isq-metal-rebuilds,iron-squadron
darktrooper_mat_metal_v1.unity3d,1eba3506cfbe4f38f9458f80f2b06aab9422535912e2face9d09866b6f18c4e8,402404,isq-metal-rebuilds,iron-squadron
ddc83f990cf23d695da3.jpg,6abcfa40d86654f532f137645f9a9939dc3c54d39e28782f6b91fa3e4ef311be,69250,featured-maps,https://i.imgur.com/NqvTeah.jpghttps://i.imgur.com/NqvTeah.jpg
de819f7854b5bc1cd2b0.obj,a8e69b753b65188dfb41cb6f0b7106d0a1b65cdcbc183cc788bda9b34228451a,202889,featured-maps,https://gist.githubusercontent.com/nashjaee/7e385a5d880f7ec4ffe54c01aec70077/raw/78ddb6a1681b62fa80966a5e9f9b2cca863829c0/tat_medium_lodge.txt
delta_07mat_1_metal_v1.unity3d,1174bfe0b34632930eb24dfdb27ba526c5206556f8ec461dd947baac8854bc0b,630005,isq-metal-rebuilds,iron-squadron
delta_38mat_1_metal_v1.unity3d,87f8b1eb33bae98e8411106ea1e3846a1ba43c916b23e097991bc6beef85078d,620258,isq-metal-rebuilds,iron-squadron
delta_40mat_1_metal_v1.unity3d,3138e12f0c63aaa4d8012f0e5dc8b230d82a7942f5eda3833761d80c307c58b0,639615,isq-metal-rebuilds,iron-squadron
delta_62mat_1_metal_v1.unity3d,8787fac87fffe80352696719294526de2b8fdc92dfafb0f22ff5c9055d769831,618541,isq-metal-rebuilds,iron-squadron
dodge_v2.jpg,98b807010afddfe6b17ea05053277f19f3dd07be099890fb9ce81255548491fe,331388,isq-token-assets,iron-squadron
drksithprobe_metal_v1.unity3d,d20b38c34955fc8309f3fa20d5380e00c672a585e1826b2b161ece4309bc91f6,673970,isq-metal-rebuilds,iron-squadron
droideka_fx_metal_v1.unity3d,ac4513e33d9d7c838440fb150e0341d11324198cf469c07bfada35998b3703bc,165053,isq-metal-rebuilds,iron-squadron
droideka_leader_metal_v1.unity3d,ac479c2c7d92e2ac1595c5a37e1956e24573e3631b3a2cbf80277176d2878d98,304479,isq-metal-rebuilds,iron-squadron
droideka_metal_v1.unity3d,421ad7ec6bdf9fc8e6ef42b31a9473f66c342d20dacc05e40d6f3cdf146b9585,303528,isq-metal-rebuilds,iron-squadron
dsd_1_dwarf_spider_droid_model_metal_v1.unity3d,8c596f03148944361070d5cd51e7d229f28b7decbfd0cef878edcaaebcc8b5fb,1271124,isq-metal-rebuilds,iron-squadron
e2be2ac91c939dc065fa.jpg,deded3056572eaff1cfefe4887a2afdb676194c0d061a7c28270b0af57dfab95,1021276,featured-maps,https://i.imgur.com/0awZWbG.jpg
e551c98351b071275e0e.obj,25b3af54f66df4a724b3c44cfd2b242c391b9def7c53b242f955508c80b950ab,7864,featured-maps,https://gist.githubusercontent.com/nashjaee/7d1f66af25c773fb9f40571a3dcbc329/raw/bccbcb2a8596129534c1f7db3d01482e34f0a4a8/short_45.txt
e709845ea005042693db.jpg,90af6509fb5fcdbf8d296e936bcf9a8e8c1a41be17e466068fed9d050caa138a,203529,featured-maps,https://www.dropbox.com/s/vkw5xgi965vook5/small_lodge.jpg?raw=1
eb6ae4de00d00f4bd03f.jpg,61f7f2c101dcd64696199a0c89ce2493a35980db80a5dcb6ca4fe2d22b867541,225050,featured-maps,https://www.dropbox.com/s/zsumfl6t4z51i2o/outpost_full.jpg?raw=1
ec02e571d877ac090336.bin,1b85bd03b71470b3175be285c7a3976393f383fb6dd355add4a9dcbb11742f2f,317862,featured-maps,https://www.dropbox.com/s/g5xw10wwhisrz29/decimator%20imperial%20star%20ship.obj?dl=1
echo_model_metal_v1.unity3d,6ee23269a7d403d662b5c62c8684b8e008ec9f1f75e5f6e32033e393ca47f9c2,511077,isq-metal-rebuilds,iron-squadron
ewok_sharedmat_metal_v1.unity3d,b795d37e7ca08387f45d32f5e692d44f1610858b22ef2771cad6a42ac2ed391f,1190750,isq-metal-rebuilds,iron-squadron
f41fbb395aac8ece2624.jpg,afcd973495ffa935a54cf137352ca1a404004ce877d7274f98d44c18ba89e20a,281453,featured-maps,https://www.dropbox.com/s/rtdlpenu65l37b9/tatooine_generic.jpg?raw=1
fd8e88dfa63fabc182ae.obj,8c691bc92c6b55677fedcf2304723c71767fd21fd3dc0c6d01aac27961b6e614,1056,featured-maps,https://gist.githubusercontent.com/nashjaee/b5f868e1a32dd277e804ba5243140395/raw/094ee931f3514d97f4ca7f1ff4c812333fbc297a/short_straight.txt
fluttercraft_metal_v1.unity3d,977846dca2d1fa3a4b5ffa682b0c180b67e16ad086c796705b20093ec0348964,796311,isq-metal-rebuilds,iron-squadron
gar_saxon_model_metal_v1.unity3d,0ff41e9690b19bb9aa7d0d9425ac9b73aa3595269129509ff4e843ad8342b8d4,1825957,isq-metal-rebuilds,iron-squadron
grogu_model_metal_v1.unity3d,56ec8dd8d7c0cf0177358408de5ba22d472eb6e02a13dbfc0dd05f33f3580fba,994959,isq-metal-rebuilds,iron-squadron
halfcohesion_100mm_isq_v2.unity3d,a3ebbffa8115f0d00c528f16a91e9f89018566dd09d4302407de060622e7f6fe,9739,isq-overlay-assets,iron-squadron
halfcohesion_120mm_isq_v2.unity3d,c29fee5e01c713ef7fe7d373482736b7f7e7fe794e400900728d7c20e3b61b48,9595,isq-overlay-assets,iron-squadron
halfcohesion_150mm_isq_v2.unity3d,8c50b51e5dc67d1b63fb4235538a25063688f3b1ad479ee906d48d719fdab118,10051,isq-overlay-assets,iron-squadron
halfcohesion_27mm_metal_v1.unity3d,59c5519cbcb4600a313aebf3a22858071e8eb62aeae6dc940d3516bfeb6793af,9754,isq-overlay-assets,iron-squadron
halfcohesion_50mm_metal_v1.unity3d,f03e4931aca9e73b5bcdbd8cfaf8260c2cb66cf81214dcf4997b5d8edb0b0617,9757,isq-overlay-assets,iron-squadron
halfcohesion_70mm_metal_v1.unity3d,442bbb5b8d6b1b1e427ddbedab1d75ca20e1d56df5ad30ae96b1a1c7973336d7,9747,isq-overlay-assets,iron-squadron
halfcohesion_long_isq_v3.unity3d,34f771f242fee05aa5008b2856779f1573fdce84c3d06989218bbfbfde051ac1,9596,isq-overlay-assets,iron-squadron
halfcohesion_snail_isq_v3.unity3d,e3ffc92cc21b88ef8aa52cfe1ae61960f54fe0a29f79914019cfb9cc95a777d2,9555,isq-overlay-assets,iron-squadron
hex_v2.obj,f60a5a2046c5b6723c207b1118483321f3fb47790bf641571447f75c1c1af834,1069,isq-token-assets,iron-squadron
hunter_model_metal_v1.unity3d,6ab8f53a7324b608dc0e7c9de81b764cfb29f06ba68b39279e33d2f21dbde446,555650,isq-metal-rebuilds,iron-squadron
ig_100_magnagaurd_mat_metal_v1.unity3d,8ac9eac5fb1b9e5c8eff896b278048ea595f41d7ca2838959a7c2ab108fd1093,760471,isq-metal-rebuilds,iron-squadron
ig_88_model_metal_v1.unity3d,a4302c67aa24601dba8dfc016a3754ae1d098c9ccfcc6c2267c8d6e57062a4c5,957137,isq-metal-rebuilds,iron-squadron
immobilize_v2.jpg,28ef8179c7303c1c74aa3b0334000665db07758d7081962cab0ead7bfe7c24c1,123368,isq-token-assets,iron-squadron
immobilize_v2.obj,3a3d541cdf598dc9f88cf02039b3d3f72979bf5984e32f26b7e2f016209f112b,4043,isq-token-assets,iron-squadron
imperial_checkpoint_marble.jpg,3cbe6481ff72a28e9505da61f04d0d15c86090144962f5ca8c51a46fca8f5222,35383,isq-map-assets,iron-squadron
import-toast-fill.png,0212c665e0805eafba035ed0b579384615020db50b5ba4ba11de458abccf85c6,371,isq-overlay-assets,iron-squadron
import-toast-pill.png,533d9f22c118d874810903cf09a719f86fdffd73d9a02664d485eda39439f3e9,4904,isq-overlay-assets,iron-squadron
import-toast-track.png,0c88998a4879fbb33d72d65be78838f937d74e637233aa9276739986883b1a86,290,isq-overlay-assets,iron-squadron
incognito_v2.jpg,ca1e3123561dec960e740e1edaf48dfb4043ee0f7d515d37db8893e6f0b0ac14,153756,isq-token-assets,iron-squadron
incognito_v2.obj,e6e7f41af96c1bcb5b42a7fc69a311e0de00d63a193cdbb0e549423db3da9917,12406,isq-token-assets,iron-squadron
iron_squadron_logo_v2.png,55043e19839ffe5202cb4f6313c2c242c8d896833febfd5062407bfb2f89fbe8,6386,isq-overlay-assets,iron-squadron
kashyyyk_defenders_leader_model_metal_v1.unity3d,47905f2640ad51f09fa9ad897a87edac3565467cf8d7cf6316074041c4ebed8b,349089,isq-metal-rebuilds,iron-squadron
kashyyyk_defenders_model_metal_v1.unity3d,6b287153437daa622d0b349f9e68676ccf512adb24682d77983fc9b8b36ef1e1,349455,isq-metal-rebuilds,iron-squadron
lando_metal_v1.unity3d,6713e44f4f32bf0bd449ba71d236c35eefe4b5e2601381f35c88992d2b4e1eb6,420727,isq-metal-rebuilds,iron-squadron
logray_model_metal_v1.unity3d,99196f89cf59e6d1d8f8ad125402946c6ef6247d18d79fcc21f78ce520cd10b0,1000080,isq-metal-rebuilds,iron-squadron
mandoduelist_metal_v1.unity3d,c93e749573d53b677ebd7e607cb3644ae912c0f4cc4a76e4d87fbd30bf5d94d5,589399,isq-metal-rebuilds,iron-squadron
mandoresistance_1_metal_v1.unity3d,f5d87f108adec54856f17292568912d98db94175bc110ac45af1cc77e607b55a,1078820,isq-metal-rebuilds,iron-squadron
mandoresistance_2_metal_v1.unity3d,3449ef085260ff5635e693887e481f5ae0e8e0f488201920af37f287dff9c380,1025814,isq-metal-rebuilds,iron-squadron
mandoresistance_leader_metal_v1.unity3d,1059d92ce54180f40a75db90601cc63bb319103a738ccf8b7903bb7e8a4c2e9c,1078731,isq-metal-rebuilds,iron-squadron
maul_a_rival_model_metal_v1.unity3d,55e810063af5f92f2aa873089e19a490971876f1764ccbd705759f55b8abf9c7,679716,isq-metal-rebuilds,iron-squadron
maul_metal_v1.unity3d,e1c33a5ca84ede84f24f29e6fd59d0f01bc5cd69eb9057546d169d58dad421b7,455289,isq-metal-rebuilds,iron-squadron
mauldelorian_cpt_mat_metal_v1.unity3d,e0ed109de27c328a5e86fd9fa585aa2b41c815c7dc035d87307bfd685d70f62d,1714150,isq-metal-rebuilds,iron-squadron
mauldelorian_rook_kast_model_metal_v1.unity3d,370c66543c22265c5376889ab45a0e4c6d7810d645554619913e4ffdef5995ca,1601305,isq-metal-rebuilds,iron-squadron
mauldelorian_trooper_mat_metal_v1.unity3d,1e0c08b20859d9dd4e967ee1816beb569627c0b5cdc9235989253cdc0106f931,1477618,isq-metal-rebuilds,iron-squadron
movement_100mm_speed1_metal_v1.unity3d,fe94a9ee047a947eb1e4a703c2b0bfe33d4da0c66e64f3f22b9d3bcfd27e22fa,11215,isq-overlay-assets,iron-squadron
movement_100mm_speed2_metal_v1.unity3d,ee431648e530cdb472be06b6fa7382096a83531c91dd5d647446335721a9bd70,11334,isq-overlay-assets,iron-squadron
movement_100mm_speed3_metal_v1.unity3d,f7ebe117b5b963cff83dab0e04261b9b4e5334df4ef172142b75ac527842df2f,11173,isq-overlay-assets,iron-squadron
movement_120mm_speed1_metal_v1.unity3d,698ed7d97c1403ca5920de8a775d55e9a3307465e7509ee4acbfadca92d4d848,11251,isq-overlay-assets,iron-squadron
movement_120mm_speed2_metal_v1.unity3d,25376df96a9b59a3bb03283c43634e900720ef60ff2fbed0da45c90b7b9ceb2f,11355,isq-overlay-assets,iron-squadron
movement_120mm_speed3_metal_v1.unity3d,9a32bbeaf767ab419dfb287fb1e3078dc7398511234876bf9cdff67c858e81de,11186,isq-overlay-assets,iron-squadron
movement_150mm_speed1_metal_v1.unity3d,25b107f65a93116d63ec057d60c4cffe12990cff938c28d880a1a4a39ac9893f,11290,isq-overlay-assets,iron-squadron
movement_150mm_speed2_metal_v1.unity3d,717f9f1a5f03908c08f9aa76f8f5dea57a93f127e0445cc3155a6286e5db1dc5,11222,isq-overlay-assets,iron-squadron
movement_150mm_speed3_metal_v1.unity3d,be61bdb2e48970be49e5b97daa81260f177c3f68f9c49a541fc3119a899b90ac,11287,isq-overlay-assets,iron-squadron
movement_27mm_speed1_metal_v1.unity3d,94b1012cf9e9933494b2211beb08a5edeaee8156e95668e5af5b2042e33c5c56,11246,isq-overlay-assets,iron-squadron
movement_27mm_speed2_metal_v1.unity3d,bcf4329ff613bca8e49a6a3a773c0e62e330233e36650b242af1b922f58ac13f,11309,isq-overlay-assets,iron-squadron
movement_27mm_speed3_metal_v1.unity3d,8cd6ec99df8279efc30779d2ab830aaac0998ae8778e3d817f029f05b040af96,11229,isq-overlay-assets,iron-squadron
movement_50mm_speed1_metal_v1.unity3d,d907cbe124b8bc0575dc9458c4977d6ad4a38cc33546f4aaafaa6c1c354925bc,11262,isq-overlay-assets,iron-squadron
movement_50mm_speed2_metal_v1.unity3d,930258989443eac3a47fb28ee95d06f3ec602d4ed22ba3aaa9fd9a3cd411daa7,11242,isq-overlay-assets,iron-squadron
movement_50mm_speed3_metal_v1.unity3d,bb518ff4009f4846ef4a4f85e1a5b45e95be958bb474be7bd729721c35b02968,11214,isq-overlay-assets,iron-squadron
movement_70mm_speed1_metal_v1.unity3d,fd20d2f2812516867e4117e9b84a6c0aadaaafa873016bd21f372cbd52f0d4b0,11174,isq-overlay-assets,iron-squadron
movement_70mm_speed2_metal_v1.unity3d,e1033d877f6543cf1dbb1f5f4e5386f23c970a55e03930bd0ecddbaa1e75e823,11216,isq-overlay-assets,iron-squadron
movement_70mm_speed3_metal_v1.unity3d,c77a38c06d06c3befe57285096f04129808f1d07589b37c6f577b8f523b5a9ad,11224,isq-overlay-assets,iron-squadron
movement_oblong_speed1_metal_v1.unity3d,0b641e41ae1e740050c649736c15b8ed3de1ced446817c32e0143f10620c9197,10575,isq-overlay-assets,iron-squadron
movement_oblong_speed2_metal_v1.unity3d,ce3935908e960ddffe5d80cece49a059d185cf3891bdedeaa1dcd8fbefe45fa5,10507,isq-overlay-assets,iron-squadron
movement_oblong_speed3_metal_v1.unity3d,b2127aa569cb6623bd5e660ec3bc02abacf0e6fe6f86cf5a01c1c7cb7b368c0e,10631,isq-overlay-assets,iron-squadron
movement_snail_speed1_metal_v1.unity3d,114e9ffe56c3044143f8d388f358ed307e611a7dc97053ce04d71b37ccb78522,10593,isq-overlay-assets,iron-squadron
movement_snail_speed2_metal_v1.unity3d,d93d802a53be66ac2eef005bf4f98d2fc1c14bf07dbc5a0e98e27cae34218eea,10525,isq-overlay-assets,iron-squadron
movement_snail_speed3_metal_v1.unity3d,fb551111adbe4397949e90117eda2170ab067e7aecc2e4cc42c9f2a6c468ee19,10512,isq-overlay-assets,iron-squadron
movetool_long_speed1_isq_v1.unity3d,a9e0f4a3746b52465fde3fd87a1de7e7e810fc1954c285eefe4f4b5a7c91764d,3946,isq-overlay-assets,iron-squadron
movetool_shared_speed1_isq_v1.unity3d,975230e322a04691f3fb4f241acfae0bff842b813e8876251d18f794c2675317,80701,isq-overlay-assets,iron-squadron
movetool_shared_speed2_isq_v1.unity3d,37d330c396f09b8bc605d18cf7cc5431986aa16e2a47869b88082e064284bceb,80786,isq-overlay-assets,iron-squadron
movetool_shared_speed3_isq_v1.unity3d,b2e78847fd4ae0a93c8e6eb609c52c77cf60e3f7f41807b542463945e421f8ac,92871,isq-overlay-assets,iron-squadron
nr_n99_persuader_class_tank_droid_model_metal_v1.unity3d,fc049e03c27a1f3af1ef7f64242fac162943c78f4e2de81dac44fe298c2a107d,1402727,isq-metal-rebuilds,iron-squadron
observation_v2.jpg,5c221304d320b75cb5d5fc03eb855f425632cad11144029cd1f95c1602a0ba6b,186603,isq-token-assets,iron-squadron
omega_model_metal_v1.unity3d,a01c1b4252c9e2b53daddb6e286d73897cc3ea2d5c22fc1e06539b20b92af421,570479,isq-metal-rebuilds,iron-squadron
operative_token_diffuse.png,ee560689fd6d9c49608b0a78dfe96a07443e3c394e161a781acd1f683be7e4dc,265446,isq-overlay-assets,iron-squadron
p2_mortar_metal_v1.unity3d,43b3af21f266df48ef4fbe6d5c408a5f5b9c38cd0a30797f7bbcebab1e7c9ccd,1722207,isq-metal-rebuilds,iron-squadron
panic_v2.jpg,fd6fe24f58637d3347ffa86c64743a03e7cb50e0e199eb19b9371fad39964f06,190286,isq-token-assets,iron-squadron
pkworker_metal_v1.unity3d,6b9fe43cc35437a172dc2ac256b08a8e4b2151ef3defc2154640832b70726ed1,359370,isq-metal-rebuilds,iron-squadron
poggle_metal_v1.unity3d,77941a6d04fe311cb6b0a7db557b0fb524a99edf1126ca943ff62cb1eee36277,899451,isq-metal-rebuilds,iron-squadron
poi_3in_metal_v1.unity3d,390937af4f8e3ab4697ffd76828baa9b7d6e81b8d962671811fecbb4e42e3d64,10030,isq-overlay-assets,iron-squadron
projector_100mm_isq_v6.unity3d,90a35fe3312eb8d24f653d87f140a4eb288afe4265a4d928906f7d329b5547f0,17076,isq-overlay-assets,iron-squadron
projector_100mm_metal_v1.unity3d,1ee274834a5ede887716de9180c984ae25a93a8f0be5711d0daaf6c4a0e3bac2,15048,isq-overlay-assets,iron-squadron
projector_100mm_oblong_isq_v6.unity3d,0cdddb0ce953dbaacb465cf3742c0bbc5d2834491bea7b22f59d5acc53199bef,18196,isq-overlay-assets,iron-squadron
projector_100mm_oblong_metal_v1.unity3d,846ab285df55c27835308d58d5f069471aaaf037e78e1d37b6182130b9e3d04e,15156,isq-overlay-assets,iron-squadron
projector_120mm_isq_v6.unity3d,06b0d23260d1402d14befceb5b741d35bc65b9b6490f08114c0c650176e80f32,16989,isq-overlay-assets,iron-squadron
projector_120mm_metal_v1.unity3d,20e46396ea8f6383850da12cc8eeeeff1063bf2b6074d9e5195da1aa5a98b280,14880,isq-overlay-assets,iron-squadron
projector_150mm_isq_v6.unity3d,9eb4cdc7ee0037647d6b8f945e328f1171e4510e390c9f8ec31cb2e8e6464bf6,16913,isq-overlay-assets,iron-squadron
projector_150mm_metal_v1.unity3d,3deb7d4ea496ca0a9c6038ff9d1c065d76526386abd38dc7e5809e9d78782fe8,14744,isq-overlay-assets,iron-squadron
projector_200mm_oblong_isq_v6.unity3d,40c620881b549ed190e94100ae53d0edcc84a1e62e22714d2193bc12fa522bd0,18307,isq-overlay-assets,iron-squadron
projector_200mm_oblong_metal_v1.unity3d,0d7320a6812915500b54baa480352deb7cecec848848abf92f1730ed1b11343e,15146,isq-overlay-assets,iron-squadron
projector_27mm_isq_v6.unity3d,0a4f22224d1606140bcb38eac20765b7cc45ad8867fd4cc6a5727465a9b29c07,16922,isq-overlay-assets,iron-squadron
projector_27mm_metal_v1.unity3d,ecd0600a86f14e52197889d98ae138bbe3652821c972f7f110e72bcee1b662be,14824,isq-overlay-assets,iron-squadron
projector_50mm_isq_v6.unity3d,d14f029e9e02fe1e0be741ad0cfd99379bae386292aaa0188728bc64c02f7a5c,16782,isq-overlay-assets,iron-squadron
projector_50mm_metal_v1.unity3d,7b0a410fcb2c5648b98da37faf861e3eff774b929ef5aa7d2edfd1b5c19efa03,14910,isq-overlay-assets,iron-squadron
projector_70mm_isq_v6.unity3d,c7d2c6debbda0c036d94e2b1f466031a1e78cef6e143f9d08c84d1beede22eb8,16962,isq-overlay-assets,iron-squadron
projector_70mm_metal_v1.unity3d,9cfd6f1d70522d2ace52e07b6eaf11dbf52bf8e5edfa2a702902d4cb1c3c5e2e,14883,isq-overlay-assets,iron-squadron
projector_blue_spawn_corner_metal_v1.unity3d,f11153f1336984a39ea23445f4c4b1ca90d0c9decc8173aae46638709855f48a,10317,isq-overlay-assets,iron-squadron
projector_blue_spawn_half_metal_v1.unity3d,6cf0de40e95dc27b096ef124737d0cb04d3c2f30ef9d95ee852569257ea7c8fa,10651,isq-overlay-assets,iron-squadron
projector_blue_spawn_l_metal_v1.unity3d,85c3899d65485d8bb114a9769ae561d993b6900f73e5e22308def7fd5b427026,10384,isq-overlay-assets,iron-squadron
projector_blue_spawn_metal_v1.unity3d,63660975c1f3ef698a07d1e30f4c197a91259de7b7a830602d5613f3b0418320,10160,isq-overlay-assets,iron-squadron
projector_bomb_cart_metal_v1.unity3d,9c72663b1e7bedafd85bbc0df8f54675cf80f86e494b63d8c8009bea6ac11d88,14823,isq-overlay-assets,iron-squadron
projector_masking_3x3_metal_v1.unity3d,25ee240d8032f6e6c656c8f1b325e6831e715d503c3fb36701164fe345f1172d,10171,isq-overlay-assets,iron-squadron
projector_red_spawn_corner_metal_v1.unity3d,591056d42b34c6caae9488e6a27ddecb22b7c92723a579b3bee56599ee887931,10254,isq-overlay-assets,iron-squadron
projector_red_spawn_half_metal_v1.unity3d,cdb7f6b8db75740ac477a9cf3c6811afffaf6bee98340c1c02d2af262a3639e0,10229,isq-overlay-assets,iron-squadron
projector_red_spawn_l_metal_v1.unity3d,d84d9d36f3eb31251e4f34c99e389588a0233e3c18df0374c62c26978e1a0140,10348,isq-overlay-assets,iron-squadron
projector_red_spawn_metal_v1.unity3d,0dd59e1d97ad587612ca991431eb7298081916e7845c18ee9f8fa4b800418602,10175,isq-overlay-assets,iron-squadron
projector_smoketoken_metal_v1.unity3d,7ec07a60881c423fa3f8e4e14f38c0471eea4b13388a2c99b2620a332f414ba7,14897,isq-overlay-assets,iron-squadron
projector_token_metal_v1.unity3d,c1a8a89070b0469e69fa0c94ace472306fb39c97c3f0708908eb1dfdf405655f,14826,isq-overlay-assets,iron-squadron
projector_tokenrangetwo_metal_v1.unity3d,26c94baa3df061ddccc24f8a1cebb1cf179e14d086cc84cd111781dc3ba1163b,14846,isq-overlay-assets,iron-squadron
pyke_capo_model_metal_v1.unity3d,dfbf173fea9fc92027f2440f792cf0f318a91831f2b62452edf565619b14e333,1724546,isq-metal-rebuilds,iron-squadron
pyke_syndicate_mat_metal_v1.unity3d,2438c747acb9aa039d765de149001933352938b05d0b4f4bb541caefa0b9546b,493988,isq-metal-rebuilds,iron-squadron
range_trooper_mat_metal_v1.unity3d,cf1f5501ec7d2c5b00a3b56852ba00dea1fab51adcb8aa514c3c1d25040f464c,1347474,isq-metal-rebuilds,iron-squadron
rep_commandomat_metal_v1.unity3d,9dea61b866df8848dfe7ccf2ec778b3600cc53b10ca20196426e8a2b22f03a48,401739,isq-metal-rebuilds,iron-squadron
riot_stormtrooper_mat_metal_v1.unity3d,0492231673ce697003f6ba182d10e3586ab28928605ee1ce23ca63e3cc089ce8,359668,isq-metal-rebuilds,iron-squadron
sihl_long_variant_metal_v1.unity3d,09a62dd0b3dacec0f591e668e272b67fbf7c38185fc344d55488b994df06246e,12591,isq-overlay-assets,iron-squadron
sihl_metal_v1.unity3d,7e3ffffb1d7b9454a292739dfa721b8b29c2495ce5fc5f6ea75f50294ea77a59,12328,isq-overlay-assets,iron-squadron
sihl_snail_variant_metal_v1.unity3d,72a963896f5b29c5b5acc232519a387bdd746e02a4ac981f77608d3ab7011786,12608,isq-overlay-assets,iron-squadron
smoke_v2.jpg,c12609199a2a2b2b6b51b3fa19a02fe01a2d5598c4f8d726aa54c77aa68eb19f,53817,isq-token-assets,iron-squadron
smoke_volume.unity3d,28e08ae4719d10d532e5a9fc957494da47cf9959c1c3ad22f318472b73412734,223814,isq-token-assets,iron-squadron
standby_v2.jpg,37f9d0f9620ed626547af89a62aee0397eaca346094e620df6d83eaa9d0b4cc8,208936,isq-token-assets,iron-squadron
std_materials_metal_v1.unity3d,6788317313536523ed08361a69f867dce3d473f5f20e784ebe2246ab4723be70,1319121,isq-metal-rebuilds,iron-squadron
stormtrooper_mat_metal_v1.unity3d,097d485d60686b9c3b9654c1522dbef47c517bb929a265b85d934df39468c718,351662,isq-metal-rebuilds,iron-squadron
stunt_double_bot_1_metal_v1.unity3d,f0a58a48dbdf094f631f0d457b6de4facba153c0764375652ff71119dc83b9fc,331492,isq-overlay-assets,iron-squadron
sunfac_metal_v1.unity3d,334a6fe12a6588e3b7fe9b587d34ade9f9cb7f0fd629272c1b815f818e4187be,995081,isq-metal-rebuilds,iron-squadron
surge_v2.jpg,18b7e675bf53dac368305a2e048d62a36b3177b17358942c715e27e03c27a6b9,317100,isq-token-assets,iron-squadron
surge_v2.obj,ac6770b73a630286ae041ab8a9624c03535d9ba4d30e9d2d27766aec17682b67,6563,isq-token-assets,iron-squadron
swl-backdrop-1-v1.jpg,610a37049c0ab0eb786646c866f710a8cf82d56d5f4748cc1b8c4ab1f1921207,237700,isq-overlay-assets,iron-squadron
swl-backdrop-2-v1.jpg,9b08181b0ca50abbf50b76c40562c47e1bd6eeebcd0b8e7676cbd5ac0a05f162,232698,isq-overlay-assets,iron-squadron
swl-logo-v1.png,ce5e98b6355261dae1a866db97cfa61f4afd7b15bc4a8c7206e6c7c7a8ce3f3c,12968,isq-overlay-assets,iron-squadron
swoop__bikes_leader_model_metal_v1.unity3d,e2baf142272bb4fc4f1ca4779a55667e7392c86189b79f0c70cefb6dc99d09ed,427702,isq-metal-rebuilds,iron-squadron
swoop_bikes_rider_model_metal_v1.unity3d,e2c3c30fcba58e3d215ac9d6719276d7aa0324e035cd611e83fa14b4e85301f7,346353,isq-metal-rebuilds,iron-squadron
t47_airspeeder_model_metal_v1.unity3d,c134f9b526c82e4dd79b9896121d751db17fa544348bdcd30792f92b40471c21,650409,isq-metal-rebuilds,iron-squadron
tech_model_metal_v1.unity3d,614dbd29a770850bb9cf80722333f52b6821f1186119bb59ae4b81174247a9bf,641627,isq-metal-rebuilds,iron-squadron
token05_27mm_isq_v1.unity3d,f0a8e7fe25df7116826511489be1b45178fa03d47773f3c59f353df70d67b72a,9708,isq-overlay-assets,iron-squadron
tristanwren_metal_v1.unity3d,011e78be67b005a6e0f774ebd85c0a4232552fb4a5a46c956fcadea188940cb2,554099,isq-metal-rebuilds,iron-squadron
tseries_metal_v1.unity3d,60de6a7794dd8ca450eeaa2eb93fd9bc1308c1972c49ff87dc087f381b8b619d,402931,isq-metal-rebuilds,iron-squadron
unit_id_token_10_metal_v1.unity3d,2bd43330c161e4c5fa8850a07525e061d41819c145f287a9cc49720f55da4a05,102756,isq-overlay-assets,iron-squadron
unit_id_token_1_metal_v1.unity3d,0286fe7a05893c275a913ad7d76329da079cc98ddc07fd179ecd92531954b8f0,102202,isq-overlay-assets,iron-squadron
unit_id_token_2_metal_v1.unity3d,97f01c3b161df02c6fa7c199ec4daa1e6645723d78107ce0aea4ab753ca4ce63,102078,isq-overlay-assets,iron-squadron
unit_id_token_3_metal_v1.unity3d,3e3c4460c9fd6582486b411566af96511271b09b99e427a4a2ec136b725ecb0a,102115,isq-overlay-assets,iron-squadron
unit_id_token_4_metal_v1.unity3d,4e1ff21a38fd5272ec6bc9effb348f1e15da45e1f2e2fadc69ed5d9ec6964947,102402,isq-overlay-assets,iron-squadron
unit_id_token_5_metal_v1.unity3d,51a73e97163610e52c16ceeef36da97877ff5e48473d9073dbfb034114b804f1,102231,isq-overlay-assets,iron-squadron
unit_id_token_6_metal_v1.unity3d,dab234068509717efae93beeef15f17e0c2176053235ba08a9d8f502370a8c7d,101942,isq-overlay-assets,iron-squadron
unit_id_token_7_metal_v1.unity3d,8856dcb905ec85425d4cd8b65445c0d6dabf29ed4e6156a22076739807353080,102690,isq-overlay-assets,iron-squadron
unit_id_token_8_metal_v1.unity3d,13ece2a08480cbe2982dc038a24e2e45b3a213fd626a86e73686410fa9d4affe,102404,isq-overlay-assets,iron-squadron
unit_id_token_9_metal_v1.unity3d,d11a482ad77c778076224b8c1ebbec4fdd4383d16754e103db9c8a6d81883a2e,102076,isq-overlay-assets,iron-squadron
ursawren_metal_v1.unity3d,d668490ed35dc59731e5862694775ccb8f814e53f7c19ea91f0899a56397b5e8,1148659,isq-metal-rebuilds,iron-squadron
viper_metal_v1.unity3d,5529a2f70c0168433e8deb69a7c1ee307c480593b8f6f0c17806ec168ae2a8f9,329704,isq-metal-rebuilds,iron-squadron
waxer_metal_v1.unity3d,81d590d95438167f5ab42320ac8aa3b2fe052479b68c982d939f4304667baed2,1616005,isq-metal-rebuilds,iron-squadron
wicket_model_metal_v1.unity3d,d7d7e4ef1f6ee5592f59bd07d1ad050ab653fecfe2e33064f8d7a18967822540,890812,isq-metal-rebuilds,iron-squadron
wookiee_chieftain_model_metal_v1.unity3d,2f19c1a7b31cde462058eb80ffadca678c1cb6a3a119b2bfeb47257edbc67dc4,359784,isq-metal-rebuilds,iron-squadron
wookiee_warriors_battle_shield_model_metal_v1.unity3d,a51dc0b60dee493f1588030a464f4482a96e575154d26883153685fc102cbfdb,455268,isq-metal-rebuilds,iron-squadron
wookiee_warriors_long_gun_wookiee_model_metal_v1.unity3d,db5ff4f467afd49ef334fced632f5ef087bf3de65d92937304f50bf10893bb9a,352822,isq-metal-rebuilds,iron-squadron
wrecker_model_metal_v1.unity3d,0ab5141f8f2b8782a2fec826958c65d4ac20d2426f8d495c4459c573e9e8d50d,553329,isq-metal-rebuilds,iron-squadron
wrecker_model_metal_v1.unity3d,0ab5141f8f2b8782a2fec826958c65d4ac20d2426f8d495c4459c573e9e8d50d,553329,isq-metal-rebuilds,iron-squadron
yoda_metal_v1.unity3d,34aff9d58a80b88a34ed9762559e248164c44de6fee96415faefd79ef28ef199,1402674,isq-metal-rebuilds,iron-squadron
yoda_metal_v1.unity3d,34aff9d58a80b88a34ed9762559e248164c44de6fee96415faefd79ef28ef199,1402674,isq-metal-rebuilds,iron-squadron
